{
  "weight": 40,
  "density": 0.3,
  "max_height": 35,
  "vein_populator": {
    "type": "surface_rock",
    "material": "emerald"
  },
  "generator": {
    "type": "ellipsoid",
    "radius": [13, 13]
  },
  "filler": {
    "type": "simple",
    "value": {
      "type": "weight_random",
      "values": [
        {
          "weight": 50,
          "value": "ore:beryllium"
        },
        {
          "weight": 30,
          "value": "ore:emerald"
        },
		    {
          "weight": 20,
          "value": "ore:thorium"
        }
      ]
    }
  }
}