{
  "weight": 25,
  "density": 0.5,
  "max_height": 50,
  "min_height": 20,
  "vein_populator": {
    "type": "surface_rock",
    "material": "molybdenite"
  },
  "generator": {
    "type": "ellipsoid",
    "radius": [13, 13]
  },
  "filler": {
    "type": "simple",
    "value": {
      "type": "weight_random",
      "values": [
        {
          "weight": 40,
          "value": "ore:wulfenite"
        },
        {
          "weight": 40,
          "value": "ore:molybdenite"
        },
		{
          "weight": 20,
          "value": "ore:powellite"
        }
      ]
    }
  }
}