{
  "weight": 55,
  "density": 0.3,
  "max_height": 50,
  "min_height": 10,
  "vein_populator": {
    "type": "surface_rock",
    "material": "olivine"
  },
  "generator": {
    "type": "ellipsoid",
    "radius": [13, 13]
  },
  "filler": {
    "type": "simple",
    "value": {
      "type": "weight_random",
      "values": [
        {
          "weight": 30,
          "value": "ore:bentonite"
        },
        {
          "weight": 30,
          "value": "ore:magnesite"
        },
		{
          "weight": 30,
          "value": "ore:olivine"
        },
		{
          "weight": 10,
          "value": "ore:glauconite"
        }
      ]
    }
  }
}